省份,城市名称,城市级别,常住人口(万人)
内蒙古自治区,呼伦贝尔市,二线,248
内蒙古自治区,鄂尔多斯市,二线,215
内蒙古自治区,赤峰市,二线,430
内蒙古自治区,通辽市,二线,312
四川省,凉山彝族自治州,二线,484
陕西省,榆林市,二线,370
广西壮族自治区,百色市,二线,350
广西壮族自治区,河池市,二线,335
云南省,大理白族自治州,二线,349
贵州省,黔东南苗族侗族自治州,二线,362
黑龙江省,齐齐哈尔市,二线,524
贵州省,黔南布依族苗族自治州,二线,325
陕西省,汉中市,二线,341
云南省,保山市,二线,260
黑龙江省,大庆市,二线,281
湖北省,十堰市,二线,334
福建省,龙岩市,二线,271
云南省,红河哈尼族彝族自治州,二线,476
广东省,韶关市,二线,281
辽宁省,丹东市,二线,234
吉林省,吉林市,二线,419
云南省,玉溪市,二线,231
贵州省,黔西南布依族苗族自治州,二线,280
湖南省,怀化市,二线,472
辽宁省,本溪市,二线,147
山西省,吕梁市,二线,373
辽宁省,抚顺市,二线,199
广西壮族自治区,桂林市,二线,493
贵州省,铜仁市,二线,330
湖北省,宜昌市,二线,406
江西省,吉安市,二线,489
广东省,清远市,二线,374
广东省,河源市,二线,307
云南省,曲靖市,二线,570
山西省,晋中市,二线,337
江西省,抚州市,二线,389
陕西省,宝鸡市,二线,375
山西省,临汾市,二线,433
贵州省,遵义市,二线,689
广西壮族自治区,柳州市,二线,422
甘肃省,天水市,二线,330
广西壮族自治区,梧州市,二线,290
江西省,赣州市,二线,913
湖北省,荆门市,二线,287
云南省,昭通市,二线,537
山西省,大同市,二线,330
湖南省,永州市,二线,527
广东省,梅州市,二线,374
山西省,长治市,二线,333
贵州省,毕节市,二线,651
湖南省,郴州市,二线,470
四川省,绵阳市,二线,494
福建省,宁德市,二线,330
四川省,乐山市,二线,322
湖北省,咸宁市,二线,250
安徽省,六安市,二线,467
江西省,九江市,二线,498
贵州省,安顺市,二线,254
广东省,肇庆市,二线,412
山东省,东营市,二线,221
安徽省,安庆市,二线,433
湖北省,襄阳市,二线,557
辽宁省,锦州市,二线,287
江西省,上饶市,二线,655
广西壮族自治区,钦州市,二线,318
江西省,宜春市,二线,553
安徽省,滁州市,二线,413
湖南省,常德市,二线,570
宁夏回族自治区,银川市,二线,286
贵州省,六盘水市,二线,317
广东省,云浮市,二线,249
河南省,信阳市,二线,623
湖南省,益阳市,二线,413
四川省,达州市,二线,556
辽宁省,盘锦市,二线,139
山西省,运城市,二线,488
广东省,阳江市,二线,275
四川省,宜宾市,二线,463
湖北省,黄冈市,二线,615
湖南省,株洲市,二线,398
河南省,南阳市,二线,967
辽宁省,鞍山市,二线,343
湖北省,荆州市,二线,529
湖南省,岳阳市,二线,572
江苏省,盐城市,二线,671
陕西省,渭南市,二线,521
河北省,秦皇岛市,二线,312
福建省,漳州市,二线,505
湖南省,邵阳市,二线,836
山东省,滨州市,二线,389
四川省,泸州市,二线,504
四川省,眉山市,二线,295
河北省,保定市,二线,923
辽宁省,营口市,二线,229
陕西省,咸阳市,二线,430
河南省,洛阳市,二线,712
湖南省,衡阳市,二线,722
河南省,驻马店市,二线,715
广东省,江门市,二线,480
广西壮族自治区,贵港市,二线,537
山东省,威海市,二线,294
河北省,沧州市,二线,731
四川省,南充市,二线,639
江苏省,淮安市,二线,492
四川省,广安市,二线,325
湖南省,娄底市,二线,418
山东省,烟台市,二线,710
海南省,三亚市,二线,100
广东省,惠州市,二线,604
山东省,德州市,二线,558
湖北省,黄石市,二线,247
湖南省,湘潭市,二线,272
安徽省,宿州市,二线,533
广西壮族自治区,玉林市,二线,700
湖北省,孝感市,二线,491
安徽省,蚌埠市,二线,329
广西壮族自治区,北海市,二线,185
山东省,日照市,二线,298
安徽省,马鞍山市,二线,231
浙江省,湖州市,二线,334
广东省,湛江市,二线,695
江苏省,宿迁市,二线,492
山东省,潍坊市,二线,930
广东省,茂名市,二线,663
河北省,邢台市,二线,729
四川省,德阳市,二线,350
安徽省,亳州市,二线,502
安徽省,芜湖市,二线,364
江苏省,连云港市,二线,453
安徽省,淮南市,二线,337
四川省,自贡市,二线,270
四川省,遂宁市,二线,329
河南省,平顶山市,二线,487
广东省,汕尾市,二线,302
浙江省,绍兴市,二线,527
山东省,临沂市,二线,1101
浙江省,金华市,二线,705
四川省,内江市,二线,352
河南省,商丘市,二线,732
山东省,聊城市,二线,600
河南省,安阳市,二线,510
河南省,新乡市,二线,574
浙江省,台州市,二线,661
江苏省,扬州市,二线,463
山东省,泰安市,二线,549
山东省,菏泽市,二线,870
河南省,开封市,二线,456
山东省,济宁市,二线,837
河南省,周口市,二线,896
安徽省,淮北市,二线,213
江苏省,徐州市,二线,909
山东省,淄博市,二线,470
河北省,邯郸市,二线,954
江苏省,泰州市,二线,466
浙江省,温州市,二线,957
福建省,莆田市,二线,308
江苏省,镇江市,二线,322
安徽省,阜阳市,二线,820
山东省,枣庄市,二线,384
广东省,潮州市,二线,270
河北省,廊坊市,二线,552
河南省,焦作市,二线,345
河南省,濮阳市,二线,365
河南省,许昌市,二线,436
江苏省,南通市,二线,771
广东省,揭州市,二线,617
海南省,海口市,二线,290
浙江省,嘉兴市,二线,547
广东省,中山市,二线,446
广东省,汕头市,二线,554
河北省,雄安新区,其他,120
西藏自治区,阿里地区,三线,12
内蒙古自治区,阿拉善盟,三线,24
西藏自治区,那曲市,三线,50
青海省,玉树藏族自治州,三线,39
青海省,海西蒙古族藏族自治州,三线,51
西藏自治区,林芝市,三线,24
新疆维吾尔自治区,巴音郭楞蒙古自治州,三线,127
青海省,果洛藏族自治州,三线,21
西藏自治区,日喀则市,三线,70
新疆维吾尔自治区,哈密市,三线,62
西藏自治区,山南市,三线,37
内蒙古自治区,锡林郭勒盟,三线,104
新疆维吾尔自治区,图木舒克市,三线,13
新疆维吾尔自治区,阿勒泰地区,三线,66
黑龙江省,大兴安岭地区,三线,51
甘肃省,酒泉市,三线,110
西藏自治区,昌都市,三线,78
四川省,甘孜藏族自治州,三线,113
青海省,海北藏族自治州,三线,30
新疆维吾尔自治区,克孜勒苏柯尔克孜自治州,三线,64
新疆维吾尔自治区,吐鲁番市,三线,64
新疆维吾尔自治区,塔城地区,三线,96
新疆维吾尔自治区,和田地区,三线,247
青海省,海南藏族自治州,三线,46
四川省,阿坝藏族羌族自治州,三线,92
青海省,黄南藏族自治州,三线,27
新疆维吾尔自治区,昌吉回族自治州,三线,117
云南省,迪庆藏族自治州,三线,42
甘肃省,甘南藏族自治州,三线,73
新疆维吾尔自治区,博尔塔拉蒙古自治州,三线,48
新疆维吾尔自治区,阿克苏地区,三线,262
黑龙江省,黑河市,三线,152
内蒙古自治区,巴彦淖尔市,三线,155
新疆维吾尔自治区,喀什地区,三线,451
内蒙古自治区,兴安盟,三线,161
甘肃省,张掖市,三线,120
西藏自治区,拉萨市,三线,87
内蒙古自治区,乌兰察布市,三线,172
黑龙江省,伊春市,三线,115
云南省,怒江傈僳族自治州,三线,55
新疆维吾尔自治区,阿拉尔市,三线,68
甘肃省,武威市,三线,162
吉林省,延边朝鲜族自治州,三线,209
新疆维吾尔自治区,伊犁哈萨克自治州,三线,277
新疆维吾尔自治区,克拉玛依市,三线,47
甘肃省,金昌市,三线,46
云南省,普洱市,三线,259
陕西省,延安市,三线,226
云南省,丽江市,三线,127
宁夏回族自治区,中卫市,三线,108
黑龙江省,双鸭山市,三线,145
黑龙江省,牡丹江市,三线,251
吉林省,白山市,三线,116
云南省,西双版纳傣族自治州,三线,130
黑龙江省,鹤岗市,三线,103
黑龙江省,佳木斯市,三线,230
黑龙江省,鸡西市,三线,171
吉林省,白城市,三线,196
甘肃省,白银市,三线,163
甘肃省,嘉峪关市,三线,25
宁夏回族自治区,吴忠市,三线,143
云南省,楚雄彝族自治州,三线,262
河北省,承德市,三线,365
甘肃省,庆阳市,三线,255
甘肃省,陇南市,三线,278
福建省,南平市,三线,263
四川省,雅安市,三线,154
云南省,临沧市,三线,243
福建省,三明市,三线,248
宁夏回族自治区,固原市,三线,152
青海省,海东市,三线,146
云南省,德宏傣族景颇族自治州,三线,130
陕西省,商洛市,三线,221
广西壮族自治区,崇左市,三线,201
河北省,张家口市,三线,431
云南省,文山壮族苗族自治州,三线,369
山西省,忻州市,三线,298
陕西省,安康市,三线,296
吉林省,松原市,三线,278
黑龙江省,七台河市,三线,83
宁夏回族自治区,石嘴山市,三线,71
四川省,广元市,三线,222
吉林省,通化市,三线,207
甘肃省,定西市,三线,272
安徽省,黄山市,三线,137
黑龙江省,绥化市,三线,501
浙江省,丽水市,三线,253
广西壮族自治区,防城港市,三线,93
辽宁省,朝阳市,三线,302
广西壮族自治区,来宾市,三线,210
湖南省,张家界市,三线,152
湖北省,恩施土家族苗族自治州,三线,387
四川省,攀枝花市,三线,122
山西省,朔州市,三线,175
辽宁省,阜新市,三线,171
广西壮族自治区,贺州市,三线,200
湖南省,湘西土家族苗族自治州,三线,262
安徽省,池州市,三线,143
甘肃省,平凉市,三线,199
陕西省,铜川市,三线,75
辽宁省,铁岭市,三线,254
河南省,三门峡市,三线,202
安徽省,宣城市,三线,254
吉林省,辽源市,三线,108
吉林省,四平市,三线,316
湖北省,随州市,三线,222
山西省,晋城市,三线,234
浙江省,衢州市,三线,219
四川省,巴中市,三线,308
辽宁省,葫芦岛市,三线,261
新疆维吾尔自治区,五家渠市,三线,21
甘肃省,临夏回族自治州,三线,238
海南省,儋州市,三线,103
山西省,阳泉市,三线,138
江西省,景德镇市,三线,164
内蒙古自治区,乌海市,三线,56
青海省,西宁市,三线,246
江西省,鹰潭市,三线,115
四川省,资阳市,三线,194
江西省,新余市,三线,119
河南省,济源市,三线,73
辽宁省,辽阳市,三线,181
海南省,三沙市,三线,6
河北省,衡水市,三线,428
江西省,萍乡市,三线,187
安徽省,铜陵市,三线,153
湖北省,鄂州市,三线,108
河南省,鹤壁市,三线,163
浙江省,舟山市,三线,116
河南省,漯河市,三线,271
新疆维吾尔自治区,石河子市,三线,66
北京市,北京市,一线,2189
广东省,广州市,一线,1882
上海市,上海市,一线,2489
广东省,深圳市,一线,1766
内蒙古自治区,包头市,准一线,271
黑龙江省,哈尔滨市,准一线,1000
内蒙古自治区,呼和浩特市,准一线,344
新疆维吾尔自治区,乌鲁木齐市,准一线,407
甘肃省,兰州市,准一线,436
重庆市,重庆市,准一线,3213
广西壮族自治区,南宁市,准一线,874
云南省,昆明市,准一线,846
吉林省,长春市,准一线,909
河北省,唐山市,准一线,760
辽宁省,大连市,准一线,745
福建省,福州市,准一线,829
辽宁省,沈阳市,准一线,907
河北省,石家庄市,准一线,1124
浙江省,杭州市,准一线,1237
贵州省,贵阳市,准一线,598
山西省,太原市,准一线,541
福建省,泉州市,准一线,878
安徽省,合肥市,准一线,963
江西省,南昌市,准一线,640
湖南省,长沙市,准一线,1042
山东省,青岛市,准一线,1007
山东省,济南市,准一线,941
浙江省,宁波市,准一线,969
天津市,天津市,准一线,1373
陕西省,西安市,准一线,1307
江苏省,常州市,准一线,534
江苏省,南京市,准一线,942
江苏省,南京市,准一线,942
四川省,成都市,准一线,2127
江苏省,苏州市,准一线,1285
湖北省,武汉市,准一线,1365
江苏省,无锡市,准一线,749
河南省,郑州市,准一线,1282
广东省,佛山市,准一线,961
福建省,厦门市,准一线,528
广东省,东莞市,准一线,1046
